<?xml version="1.0" encoding="UTF-8"?>
<project-private xmlns="http://www.netbeans.org/ns/project-private/1">
    <editor-bookmarks xmlns="http://www.netbeans.org/ns/editor-bookmarks/2" lastBookmarkId="0"/>
    <open-files xmlns="http://www.netbeans.org/ns/projectui-open-files/2">
        <group>
            <file>file:/home/vignesh-camkie/MPLABXProjects/Memory_Map_Class_Program.X/led_main.c</file>
            <file>file:/home/vignesh-camkie/MPLABXProjects/Memory_Map_Class_Program.X/led_driver.c</file>
            <file>file:/home/vignesh-camkie/MPLABXProjects/Memory_Map_Class_Program.X/led_driver.h</file>
        </group>
    </open-files>
</project-private>
